"timestamp";"LOG ENTRY ID";"ID CORRELATION";"Station ID";"Process Step ID";"Activity Status";"Message";"FileName"
"2022-01-14 10:16:28.593059";"1";"1";"?";"1";"ERREUR";"Error message";"File_process_1_step_1"
"2022-01-14 10:16:28.594042";"2";"2";"?";"1";"WARNING";"Warning message";"File_process_2_step_1"
"2022-01-15 10:16:28.594042";"3";"2";"?";"2";"OK";"";"File_process_2_step_2"
"2022-01-16 10:16:28.594042";"4";"2";"?";"3";"OK";"";"File_process_2_step_3"
"2022-01-17 10:16:28.594042";"5";"2";"?";"4";"WARNING";"Warning message";"File_process_2_step_4"
"2022-01-18 10:16:28.594042";"6";"2";"?";"5";"WARNING";"Warning message";"File_process_2_step_5"
"2022-01-14 10:16:28.594042";"7";"3";"?";"1";"WARNING";"Warning message";"File_process_3_step_1"
"2022-01-15 10:16:28.594042";"8";"3";"?";"2";"ERREUR";"Error message";"File_process_3_step_2"
"2022-01-14 10:16:28.594042";"9";"4";"?";"1";"OK";"";"File_process_4_step_1"
"2022-01-15 10:16:28.594042";"10";"4";"?";"2";"WARNING";"Warning message";"File_process_4_step_2"
"2022-01-16 10:16:28.594042";"11";"4";"?";"3";"WARNING";"Warning message";"File_process_4_step_3"
"2022-01-17 10:16:28.594042";"12";"4";"?";"4";"ERREUR";"Error message";"File_process_4_step_4"
"2022-01-14 10:16:28.594042";"13";"5";"?";"1";"OK";"";"File_process_5_step_1"
"2022-01-15 10:16:28.594042";"14";"5";"?";"2";"ERREUR";"Error message";"File_process_5_step_2"
"2022-01-14 10:16:28.594042";"15";"6";"?";"1";"WARNING";"Warning message";"File_process_6_step_1"
"2022-01-15 10:16:28.594042";"16";"6";"?";"2";"OK";"";"File_process_6_step_2"
"2022-01-16 10:16:28.594042";"17";"6";"?";"3";"ERREUR";"Error message";"File_process_6_step_3"
"2022-01-14 10:16:28.594042";"18";"7";"?";"1";"WARNING";"Warning message";"File_process_7_step_1"
"2022-01-15 10:16:28.594042";"19";"7";"?";"2";"ERREUR";"Error message";"File_process_7_step_2"
"2022-01-14 10:16:28.594042";"20";"8";"?";"1";"OK";"";"File_process_8_step_1"
"2022-01-15 10:16:28.594042";"21";"8";"?";"2";"OK";"";"File_process_8_step_2"
"2022-01-16 10:16:28.594042";"22";"8";"?";"3";"WARNING";"Warning message";"File_process_8_step_3"
"2022-01-17 10:16:28.594042";"23";"8";"?";"4";"OK";"";"File_process_8_step_4"
"2022-01-18 10:16:28.594042";"24";"8";"?";"5";"ERREUR";"Error message";"File_process_8_step_5"
"2022-01-14 10:16:28.594042";"25";"9";"?";"1";"WARNING";"Warning message";"File_process_9_step_1"
"2022-01-15 10:16:28.594042";"26";"9";"?";"2";"WARNING";"Warning message";"File_process_9_step_2"
"2022-01-16 10:16:28.594042";"27";"9";"?";"3";"OK";"";"File_process_9_step_3"
"2022-01-17 10:16:28.594042";"28";"9";"?";"4";"ERREUR";"Error message";"File_process_9_step_4"
"2022-01-14 10:16:28.594042";"29";"10";"?";"1";"ERREUR";"Error message";"File_process_10_step_1"
"2022-01-14 10:16:28.594042";"30";"11";"?";"1";"WARNING";"Warning message";"File_process_11_step_1"
"2022-01-15 10:16:28.594042";"31";"11";"?";"2";"ERREUR";"Error message";"File_process_11_step_2"
"2022-01-14 10:16:28.594042";"32";"12";"?";"1";"WARNING";"Warning message";"File_process_12_step_1"
"2022-01-15 10:16:28.594042";"33";"12";"?";"2";"ERREUR";"Error message";"File_process_12_step_2"
"2022-01-14 10:16:28.594042";"34";"13";"?";"1";"WARNING";"Warning message";"File_process_13_step_1"
"2022-01-15 10:16:28.594042";"35";"13";"?";"2";"WARNING";"Warning message";"File_process_13_step_2"
"2022-01-16 10:16:28.594042";"36";"13";"?";"3";"WARNING";"Warning message";"File_process_13_step_3"
"2022-01-17 10:16:28.594042";"37";"13";"?";"4";"ERREUR";"Error message";"File_process_13_step_4"
"2022-01-14 10:16:28.594042";"38";"14";"?";"1";"OK";"";"File_process_14_step_1"
"2022-01-15 10:16:28.594042";"39";"14";"?";"2";"WARNING";"Warning message";"File_process_14_step_2"
"2022-01-16 10:16:28.594042";"40";"14";"?";"3";"OK";"";"File_process_14_step_3"
"2022-01-17 10:16:28.594042";"41";"14";"?";"4";"OK";"";"File_process_14_step_4"
"2022-01-18 10:16:28.594042";"42";"14";"?";"5";"WARNING";"Warning message";"File_process_14_step_5"
"2022-01-14 10:16:28.594042";"43";"15";"?";"1";"OK";"";"File_process_15_step_1"
"2022-01-15 10:16:28.594042";"44";"15";"?";"2";"OK";"";"File_process_15_step_2"
"2022-01-16 10:16:28.594042";"45";"15";"?";"3";"ERREUR";"Error message";"File_process_15_step_3"
"2022-01-14 10:16:28.594042";"46";"16";"?";"1";"WARNING";"Warning message";"File_process_16_step_1"
"2022-01-15 10:16:28.594042";"47";"16";"?";"2";"ERREUR";"Error message";"File_process_16_step_2"
"2022-01-14 10:16:28.594042";"48";"17";"?";"1";"OK";"";"File_process_17_step_1"
"2022-01-15 10:16:28.594042";"49";"17";"?";"2";"ERREUR";"Error message";"File_process_17_step_2"
"2022-01-14 10:16:28.594042";"50";"18";"?";"1";"WARNING";"Warning message";"File_process_18_step_1"
"2022-01-15 10:16:28.594042";"51";"18";"?";"2";"WARNING";"Warning message";"File_process_18_step_2"
"2022-01-16 10:16:28.594042";"52";"18";"?";"3";"WARNING";"Warning message";"File_process_18_step_3"
"2022-01-17 10:16:28.594042";"53";"18";"?";"4";"WARNING";"Warning message";"File_process_18_step_4"
"2022-01-18 10:16:28.594042";"54";"18";"?";"5";"WARNING";"Warning message";"File_process_18_step_5"
"2022-01-14 10:16:28.594042";"55";"19";"?";"1";"OK";"";"File_process_19_step_1"
"2022-01-15 10:16:28.594042";"56";"19";"?";"2";"OK";"";"File_process_19_step_2"
"2022-01-16 10:16:28.594042";"57";"19";"?";"3";"ERREUR";"Error message";"File_process_19_step_3"
"2022-01-14 10:16:28.594286";"58";"20";"?";"1";"WARNING";"Warning message";"File_process_20_step_1"
"2022-01-15 10:16:28.594286";"59";"20";"?";"2";"WARNING";"Warning message";"File_process_20_step_2"
"2022-01-16 10:16:28.594286";"60";"20";"?";"3";"WARNING";"Warning message";"File_process_20_step_3"
"2022-01-17 10:16:28.594286";"61";"20";"?";"4";"WARNING";"Warning message";"File_process_20_step_4"
"2022-01-18 10:16:28.594286";"62";"20";"?";"5";"OK";"";"File_process_20_step_5"
"2022-01-14 10:16:28.594286";"63";"21";"?";"1";"ERREUR";"Error message";"File_process_21_step_1"
"2022-01-14 10:16:28.594286";"64";"22";"?";"1";"OK";"";"File_process_22_step_1"
"2022-01-15 10:16:28.594286";"65";"22";"?";"2";"OK";"";"File_process_22_step_2"
"2022-01-16 10:16:28.594286";"66";"22";"?";"3";"WARNING";"Warning message";"File_process_22_step_3"
"2022-01-17 10:16:28.594286";"67";"22";"?";"4";"WARNING";"Warning message";"File_process_22_step_4"
"2022-01-18 10:16:28.594286";"68";"22";"?";"5";"WARNING";"Warning message";"File_process_22_step_5"
"2022-01-14 10:16:28.594286";"69";"23";"?";"1";"WARNING";"Warning message";"File_process_23_step_1"
"2022-01-15 10:16:28.594286";"70";"23";"?";"2";"OK";"";"File_process_23_step_2"
"2022-01-16 10:16:28.594286";"71";"23";"?";"3";"ERREUR";"Error message";"File_process_23_step_3"
"2022-01-14 10:16:28.594286";"72";"24";"?";"1";"OK";"";"File_process_24_step_1"
"2022-01-15 10:16:28.594286";"73";"24";"?";"2";"OK";"";"File_process_24_step_2"
"2022-01-16 10:16:28.594286";"74";"24";"?";"3";"OK";"";"File_process_24_step_3"
"2022-01-17 10:16:28.594286";"75";"24";"?";"4";"WARNING";"Warning message";"File_process_24_step_4"
"2022-01-18 10:16:28.594286";"76";"24";"?";"5";"WARNING";"Warning message";"File_process_24_step_5"
"2022-01-14 10:16:28.594286";"77";"25";"?";"1";"OK";"";"File_process_25_step_1"
"2022-01-15 10:16:28.594286";"78";"25";"?";"2";"WARNING";"Warning message";"File_process_25_step_2"
"2022-01-16 10:16:28.594286";"79";"25";"?";"3";"OK";"";"File_process_25_step_3"
"2022-01-17 10:16:28.594286";"80";"25";"?";"4";"ERREUR";"Error message";"File_process_25_step_4"
"2022-01-14 10:16:28.594286";"81";"26";"?";"1";"ERREUR";"Error message";"File_process_26_step_1"
"2022-01-14 10:16:28.594286";"82";"27";"?";"1";"OK";"";"File_process_27_step_1"
"2022-01-15 10:16:28.594286";"83";"27";"?";"2";"WARNING";"Warning message";"File_process_27_step_2"
"2022-01-16 10:16:28.594286";"84";"27";"?";"3";"OK";"";"File_process_27_step_3"
"2022-01-17 10:16:28.594286";"85";"27";"?";"4";"OK";"";"File_process_27_step_4"
"2022-01-18 10:16:28.594286";"86";"27";"?";"5";"ERREUR";"Error message";"File_process_27_step_5"
"2022-01-14 10:16:28.594286";"87";"28";"?";"1";"WARNING";"Warning message";"File_process_28_step_1"
"2022-01-15 10:16:28.594286";"88";"28";"?";"2";"ERREUR";"Error message";"File_process_28_step_2"
"2022-01-14 10:16:28.594286";"89";"29";"?";"1";"ERREUR";"Error message";"File_process_29_step_1"
"2022-01-14 10:16:28.594286";"90";"30";"?";"1";"WARNING";"Warning message";"File_process_30_step_1"
"2022-01-15 10:16:28.594286";"91";"30";"?";"2";"OK";"";"File_process_30_step_2"
"2022-01-16 10:16:28.594286";"92";"30";"?";"3";"OK";"";"File_process_30_step_3"
"2022-01-17 10:16:28.594286";"93";"30";"?";"4";"ERREUR";"Error message";"File_process_30_step_4"
"2022-01-14 10:16:28.594286";"94";"31";"?";"1";"WARNING";"Warning message";"File_process_31_step_1"
"2022-01-15 10:16:28.594286";"95";"31";"?";"2";"ERREUR";"Error message";"File_process_31_step_2"
"2022-01-14 10:16:28.594286";"96";"32";"?";"1";"ERREUR";"Error message";"File_process_32_step_1"
"2022-01-14 10:16:28.594286";"97";"33";"?";"1";"ERREUR";"Error message";"File_process_33_step_1"
"2022-01-14 10:16:28.594286";"98";"34";"?";"1";"WARNING";"Warning message";"File_process_34_step_1"
"2022-01-15 10:16:28.594286";"99";"34";"?";"2";"OK";"";"File_process_34_step_2"
"2022-01-16 10:16:28.594286";"100";"34";"?";"3";"WARNING";"Warning message";"File_process_34_step_3"
"2022-01-17 10:16:28.594286";"101";"34";"?";"4";"OK";"";"File_process_34_step_4"
"2022-01-18 10:16:28.594286";"102";"34";"?";"5";"WARNING";"Warning message";"File_process_34_step_5"
"2022-01-14 10:16:28.594286";"103";"35";"?";"1";"WARNING";"Warning message";"File_process_35_step_1"
"2022-01-15 10:16:28.594286";"104";"35";"?";"2";"OK";"";"File_process_35_step_2"
"2022-01-16 10:16:28.594286";"105";"35";"?";"3";"OK";"";"File_process_35_step_3"
"2022-01-17 10:16:28.594286";"106";"35";"?";"4";"WARNING";"Warning message";"File_process_35_step_4"
"2022-01-18 10:16:28.594286";"107";"35";"?";"5";"ERREUR";"Error message";"File_process_35_step_5"
"2022-01-14 10:16:28.594286";"108";"36";"?";"1";"WARNING";"Warning message";"File_process_36_step_1"
"2022-01-15 10:16:28.594286";"109";"36";"?";"2";"ERREUR";"Error message";"File_process_36_step_2"
"2022-01-14 10:16:28.594286";"110";"37";"?";"1";"OK";"";"File_process_37_step_1"
"2022-01-15 10:16:28.594286";"111";"37";"?";"2";"ERREUR";"Error message";"File_process_37_step_2"
"2022-01-14 10:16:28.594286";"112";"38";"?";"1";"ERREUR";"Error message";"File_process_38_step_1"
"2022-01-14 10:16:28.594286";"113";"39";"?";"1";"WARNING";"Warning message";"File_process_39_step_1"
"2022-01-15 10:16:28.594286";"114";"39";"?";"2";"WARNING";"Warning message";"File_process_39_step_2"
"2022-01-16 10:16:28.594286";"115";"39";"?";"3";"ERREUR";"Error message";"File_process_39_step_3"
"2022-01-14 10:16:28.594286";"116";"40";"?";"1";"WARNING";"Warning message";"File_process_40_step_1"
"2022-01-15 10:16:28.594286";"117";"40";"?";"2";"OK";"";"File_process_40_step_2"
"2022-01-16 10:16:28.594286";"118";"40";"?";"3";"WARNING";"Warning message";"File_process_40_step_3"
"2022-01-17 10:16:28.594286";"119";"40";"?";"4";"WARNING";"Warning message";"File_process_40_step_4"
"2022-01-18 10:16:28.594286";"120";"40";"?";"5";"OK";"";"File_process_40_step_5"
"2022-01-14 10:16:28.594286";"121";"41";"?";"1";"ERREUR";"Error message";"File_process_41_step_1"
"2022-01-14 10:16:28.594584";"122";"42";"?";"1";"OK";"";"File_process_42_step_1"
"2022-01-15 10:16:28.594584";"123";"42";"?";"2";"WARNING";"Warning message";"File_process_42_step_2"
"2022-01-16 10:16:28.594584";"124";"42";"?";"3";"WARNING";"Warning message";"File_process_42_step_3"
"2022-01-17 10:16:28.594584";"125";"42";"?";"4";"ERREUR";"Error message";"File_process_42_step_4"
"2022-01-14 10:16:28.594584";"126";"43";"?";"1";"OK";"";"File_process_43_step_1"
"2022-01-15 10:16:28.594584";"127";"43";"?";"2";"WARNING";"Warning message";"File_process_43_step_2"
"2022-01-16 10:16:28.594584";"128";"43";"?";"3";"ERREUR";"Error message";"File_process_43_step_3"
"2022-01-14 10:16:28.594584";"129";"44";"?";"1";"ERREUR";"Error message";"File_process_44_step_1"
"2022-01-14 10:16:28.594584";"130";"45";"?";"1";"WARNING";"Warning message";"File_process_45_step_1"
"2022-01-15 10:16:28.594584";"131";"45";"?";"2";"WARNING";"Warning message";"File_process_45_step_2"
"2022-01-16 10:16:28.594584";"132";"45";"?";"3";"OK";"";"File_process_45_step_3"
"2022-01-17 10:16:28.594584";"133";"45";"?";"4";"WARNING";"Warning message";"File_process_45_step_4"
"2022-01-18 10:16:28.594584";"134";"45";"?";"5";"WARNING";"Warning message";"File_process_45_step_5"
"2022-01-14 10:16:28.594584";"135";"46";"?";"1";"ERREUR";"Error message";"File_process_46_step_1"
"2022-01-14 10:16:28.594584";"136";"47";"?";"1";"WARNING";"Warning message";"File_process_47_step_1"
"2022-01-15 10:16:28.594584";"137";"47";"?";"2";"OK";"";"File_process_47_step_2"
"2022-01-16 10:16:28.594584";"138";"47";"?";"3";"WARNING";"Warning message";"File_process_47_step_3"
"2022-01-17 10:16:28.594584";"139";"47";"?";"4";"OK";"";"File_process_47_step_4"
"2022-01-18 10:16:28.594584";"140";"47";"?";"5";"OK";"";"File_process_47_step_5"
"2022-01-14 10:16:28.594584";"141";"48";"?";"1";"WARNING";"Warning message";"File_process_48_step_1"
"2022-01-15 10:16:28.594584";"142";"48";"?";"2";"WARNING";"Warning message";"File_process_48_step_2"
"2022-01-16 10:16:28.594584";"143";"48";"?";"3";"ERREUR";"Error message";"File_process_48_step_3"
"2022-01-14 10:16:28.594584";"144";"49";"?";"1";"OK";"";"File_process_49_step_1"
"2022-01-15 10:16:28.594584";"145";"49";"?";"2";"OK";"";"File_process_49_step_2"
"2022-01-16 10:16:28.594584";"146";"49";"?";"3";"ERREUR";"Error message";"File_process_49_step_3"
"2022-01-14 10:16:28.594584";"147";"50";"?";"1";"ERREUR";"Error message";"File_process_50_step_1"
"2022-01-14 10:16:28.594584";"148";"51";"?";"1";"OK";"";"File_process_51_step_1"
"2022-01-15 10:16:28.594584";"149";"51";"?";"2";"WARNING";"Warning message";"File_process_51_step_2"
"2022-01-16 10:16:28.594584";"150";"51";"?";"3";"OK";"";"File_process_51_step_3"
"2022-01-17 10:16:28.594584";"151";"51";"?";"4";"ERREUR";"Error message";"File_process_51_step_4"
"2022-01-14 10:16:28.594584";"152";"52";"?";"1";"ERREUR";"Error message";"File_process_52_step_1"
"2022-01-14 10:16:28.594584";"153";"53";"?";"1";"ERREUR";"Error message";"File_process_53_step_1"
"2022-01-14 10:16:28.594584";"154";"54";"?";"1";"OK";"";"File_process_54_step_1"
"2022-01-15 10:16:28.594584";"155";"54";"?";"2";"ERREUR";"Error message";"File_process_54_step_2"
"2022-01-14 10:16:28.594584";"156";"55";"?";"1";"WARNING";"Warning message";"File_process_55_step_1"
"2022-01-15 10:16:28.594584";"157";"55";"?";"2";"WARNING";"Warning message";"File_process_55_step_2"
"2022-01-16 10:16:28.594584";"158";"55";"?";"3";"WARNING";"Warning message";"File_process_55_step_3"
"2022-01-17 10:16:28.594584";"159";"55";"?";"4";"WARNING";"Warning message";"File_process_55_step_4"
"2022-01-18 10:16:28.594584";"160";"55";"?";"5";"WARNING";"Warning message";"File_process_55_step_5"
"2022-01-14 10:16:28.594584";"161";"56";"?";"1";"ERREUR";"Error message";"File_process_56_step_1"
"2022-01-14 10:16:28.594584";"162";"57";"?";"1";"ERREUR";"Error message";"File_process_57_step_1"
"2022-01-14 10:16:28.594584";"163";"58";"?";"1";"ERREUR";"Error message";"File_process_58_step_1"
"2022-01-14 10:16:28.594584";"164";"59";"?";"1";"OK";"";"File_process_59_step_1"
"2022-01-15 10:16:28.594584";"165";"59";"?";"2";"ERREUR";"Error message";"File_process_59_step_2"
"2022-01-14 10:16:28.594584";"166";"60";"?";"1";"WARNING";"Warning message";"File_process_60_step_1"
"2022-01-15 10:16:28.594584";"167";"60";"?";"2";"OK";"";"File_process_60_step_2"
"2022-01-16 10:16:28.594584";"168";"60";"?";"3";"OK";"";"File_process_60_step_3"
"2022-01-17 10:16:28.594584";"169";"60";"?";"4";"WARNING";"Warning message";"File_process_60_step_4"
"2022-01-18 10:16:28.594584";"170";"60";"?";"5";"OK";"";"File_process_60_step_5"
"2022-01-14 10:16:28.594584";"171";"61";"?";"1";"ERREUR";"Error message";"File_process_61_step_1"
"2022-01-14 10:16:28.594584";"172";"62";"?";"1";"ERREUR";"Error message";"File_process_62_step_1"
"2022-01-14 10:16:28.594584";"173";"63";"?";"1";"WARNING";"Warning message";"File_process_63_step_1"
"2022-01-15 10:16:28.594584";"174";"63";"?";"2";"ERREUR";"Error message";"File_process_63_step_2"
"2022-01-14 10:16:28.594584";"175";"64";"?";"1";"OK";"";"File_process_64_step_1"
"2022-01-15 10:16:28.594584";"176";"64";"?";"2";"OK";"";"File_process_64_step_2"
"2022-01-16 10:16:28.594584";"177";"64";"?";"3";"WARNING";"Warning message";"File_process_64_step_3"
"2022-01-17 10:16:28.594584";"178";"64";"?";"4";"ERREUR";"Error message";"File_process_64_step_4"
"2022-01-14 10:16:28.594584";"179";"65";"?";"1";"OK";"";"File_process_65_step_1"
"2022-01-15 10:16:28.594584";"180";"65";"?";"2";"OK";"";"File_process_65_step_2"
"2022-01-16 10:16:28.594584";"181";"65";"?";"3";"ERREUR";"Error message";"File_process_65_step_3"
"2022-01-14 10:16:28.594584";"182";"66";"?";"1";"OK";"";"File_process_66_step_1"
"2022-01-15 10:16:28.594584";"183";"66";"?";"2";"OK";"";"File_process_66_step_2"
"2022-01-16 10:16:28.594584";"184";"66";"?";"3";"OK";"";"File_process_66_step_3"
"2022-01-17 10:16:28.594584";"185";"66";"?";"4";"WARNING";"Warning message";"File_process_66_step_4"
"2022-01-18 10:16:28.594584";"186";"66";"?";"5";"ERREUR";"Error message";"File_process_66_step_5"
"2022-01-14 10:16:28.594584";"187";"67";"?";"1";"WARNING";"Warning message";"File_process_67_step_1"
"2022-01-15 10:16:28.594584";"188";"67";"?";"2";"ERREUR";"Error message";"File_process_67_step_2"
"2022-01-14 10:16:28.594584";"189";"68";"?";"1";"WARNING";"Warning message";"File_process_68_step_1"
"2022-01-15 10:16:28.594584";"190";"68";"?";"2";"OK";"";"File_process_68_step_2"
"2022-01-16 10:16:28.594584";"191";"68";"?";"3";"WARNING";"Warning message";"File_process_68_step_3"
"2022-01-17 10:16:28.594584";"192";"68";"?";"4";"OK";"";"File_process_68_step_4"
"2022-01-18 10:16:28.594584";"193";"68";"?";"5";"WARNING";"Warning message";"File_process_68_step_5"
"2022-01-14 10:16:28.594584";"194";"69";"?";"1";"WARNING";"Warning message";"File_process_69_step_1"
"2022-01-15 10:16:28.594584";"195";"69";"?";"2";"ERREUR";"Error message";"File_process_69_step_2"
"2022-01-14 10:16:28.594584";"196";"70";"?";"1";"OK";"";"File_process_70_step_1"
"2022-01-15 10:16:28.594584";"197";"70";"?";"2";"ERREUR";"Error message";"File_process_70_step_2"
"2022-01-14 10:16:28.594584";"198";"71";"?";"1";"WARNING";"Warning message";"File_process_71_step_1"
"2022-01-15 10:16:28.594584";"199";"71";"?";"2";"WARNING";"Warning message";"File_process_71_step_2"
"2022-01-16 10:16:28.594584";"200";"71";"?";"3";"OK";"";"File_process_71_step_3"
"2022-01-17 10:16:28.594584";"201";"71";"?";"4";"WARNING";"Warning message";"File_process_71_step_4"
"2022-01-18 10:16:28.594584";"202";"71";"?";"5";"ERREUR";"Error message";"File_process_71_step_5"
"2022-01-14 10:16:28.594584";"203";"72";"?";"1";"WARNING";"Warning message";"File_process_72_step_1"
"2022-01-15 10:16:28.594584";"204";"72";"?";"2";"WARNING";"Warning message";"File_process_72_step_2"
"2022-01-16 10:16:28.594584";"205";"72";"?";"3";"OK";"";"File_process_72_step_3"
"2022-01-17 10:16:28.594584";"206";"72";"?";"4";"OK";"";"File_process_72_step_4"
"2022-01-18 10:16:28.594584";"207";"72";"?";"5";"OK";"";"File_process_72_step_5"
"2022-01-14 10:16:28.594584";"208";"73";"?";"1";"ERREUR";"Error message";"File_process_73_step_1"
"2022-01-14 10:16:28.594584";"209";"74";"?";"1";"ERREUR";"Error message";"File_process_74_step_1"
"2022-01-14 10:16:28.594584";"210";"75";"?";"1";"WARNING";"Warning message";"File_process_75_step_1"
"2022-01-15 10:16:28.594584";"211";"75";"?";"2";"WARNING";"Warning message";"File_process_75_step_2"
"2022-01-16 10:16:28.594584";"212";"75";"?";"3";"OK";"";"File_process_75_step_3"
"2022-01-17 10:16:28.594584";"213";"75";"?";"4";"WARNING";"Warning message";"File_process_75_step_4"
"2022-01-18 10:16:28.594584";"214";"75";"?";"5";"WARNING";"Warning message";"File_process_75_step_5"
"2022-01-14 10:16:28.594584";"215";"76";"?";"1";"WARNING";"Warning message";"File_process_76_step_1"
"2022-01-15 10:16:28.594584";"216";"76";"?";"2";"WARNING";"Warning message";"File_process_76_step_2"
"2022-01-16 10:16:28.594584";"217";"76";"?";"3";"ERREUR";"Error message";"File_process_76_step_3"
"2022-01-14 10:16:28.594584";"218";"77";"?";"1";"ERREUR";"Error message";"File_process_77_step_1"
"2022-01-14 10:16:28.594584";"219";"78";"?";"1";"ERREUR";"Error message";"File_process_78_step_1"
"2022-01-14 10:16:28.594584";"220";"79";"?";"1";"OK";"";"File_process_79_step_1"
"2022-01-15 10:16:28.594584";"221";"79";"?";"2";"OK";"";"File_process_79_step_2"
"2022-01-16 10:16:28.594584";"222";"79";"?";"3";"OK";"";"File_process_79_step_3"
"2022-01-17 10:16:28.594584";"223";"79";"?";"4";"WARNING";"Warning message";"File_process_79_step_4"
"2022-01-18 10:16:28.594584";"224";"79";"?";"5";"OK";"";"File_process_79_step_5"
"2022-01-14 10:16:28.594584";"225";"80";"?";"1";"OK";"";"File_process_80_step_1"
"2022-01-15 10:16:28.594584";"226";"80";"?";"2";"ERREUR";"Error message";"File_process_80_step_2"
"2022-01-14 10:16:28.594584";"227";"81";"?";"1";"WARNING";"Warning message";"File_process_81_step_1"
"2022-01-15 10:16:28.594584";"228";"81";"?";"2";"WARNING";"Warning message";"File_process_81_step_2"
"2022-01-16 10:16:28.594584";"229";"81";"?";"3";"WARNING";"Warning message";"File_process_81_step_3"
"2022-01-17 10:16:28.594584";"230";"81";"?";"4";"WARNING";"Warning message";"File_process_81_step_4"
"2022-01-18 10:16:28.594584";"231";"81";"?";"5";"OK";"";"File_process_81_step_5"
"2022-01-14 10:16:28.594584";"232";"82";"?";"1";"ERREUR";"Error message";"File_process_82_step_1"
"2022-01-14 10:16:28.594584";"233";"83";"?";"1";"ERREUR";"Error message";"File_process_83_step_1"
"2022-01-14 10:16:28.594584";"234";"84";"?";"1";"WARNING";"Warning message";"File_process_84_step_1"
"2022-01-15 10:16:28.594584";"235";"84";"?";"2";"WARNING";"Warning message";"File_process_84_step_2"
"2022-01-16 10:16:28.594584";"236";"84";"?";"3";"WARNING";"Warning message";"File_process_84_step_3"
"2022-01-17 10:16:28.594584";"237";"84";"?";"4";"OK";"";"File_process_84_step_4"
"2022-01-18 10:16:28.594584";"238";"84";"?";"5";"ERREUR";"Error message";"File_process_84_step_5"
"2022-01-14 10:16:28.594584";"239";"85";"?";"1";"ERREUR";"Error message";"File_process_85_step_1"
"2022-01-14 10:16:28.594584";"240";"86";"?";"1";"ERREUR";"Error message";"File_process_86_step_1"
"2022-01-14 10:16:28.594584";"241";"87";"?";"1";"ERREUR";"Error message";"File_process_87_step_1"
"2022-01-14 10:16:28.594584";"242";"88";"?";"1";"ERREUR";"Error message";"File_process_88_step_1"
"2022-01-14 10:16:28.594584";"243";"89";"?";"1";"WARNING";"Warning message";"File_process_89_step_1"
"2022-01-15 10:16:28.594584";"244";"89";"?";"2";"WARNING";"Warning message";"File_process_89_step_2"
"2022-01-16 10:16:28.594584";"245";"89";"?";"3";"WARNING";"Warning message";"File_process_89_step_3"
"2022-01-17 10:16:28.594584";"246";"89";"?";"4";"ERREUR";"Error message";"File_process_89_step_4"
"2022-01-14 10:16:28.594584";"247";"90";"?";"1";"ERREUR";"Error message";"File_process_90_step_1"
"2022-01-14 10:16:28.594584";"248";"91";"?";"1";"OK";"";"File_process_91_step_1"
"2022-01-15 10:16:28.594584";"249";"91";"?";"2";"ERREUR";"Error message";"File_process_91_step_2"
"2022-01-14 10:16:28.594584";"250";"92";"?";"1";"ERREUR";"Error message";"File_process_92_step_1"
"2022-01-14 10:16:28.594584";"251";"93";"?";"1";"OK";"";"File_process_93_step_1"
"2022-01-15 10:16:28.594584";"252";"93";"?";"2";"OK";"";"File_process_93_step_2"
"2022-01-16 10:16:28.594584";"253";"93";"?";"3";"ERREUR";"Error message";"File_process_93_step_3"
"2022-01-14 10:16:28.594584";"254";"94";"?";"1";"ERREUR";"Error message";"File_process_94_step_1"
"2022-01-14 10:16:28.594584";"255";"95";"?";"1";"ERREUR";"Error message";"File_process_95_step_1"
"2022-01-14 10:16:28.594584";"256";"96";"?";"1";"OK";"";"File_process_96_step_1"
"2022-01-15 10:16:28.594584";"257";"96";"?";"2";"ERREUR";"Error message";"File_process_96_step_2"
"2022-01-14 10:16:28.594584";"258";"97";"?";"1";"WARNING";"Warning message";"File_process_97_step_1"
"2022-01-15 10:16:28.594584";"259";"97";"?";"2";"WARNING";"Warning message";"File_process_97_step_2"
"2022-01-16 10:16:28.594584";"260";"97";"?";"3";"WARNING";"Warning message";"File_process_97_step_3"
"2022-01-17 10:16:28.594584";"261";"97";"?";"4";"WARNING";"Warning message";"File_process_97_step_4"
"2022-01-18 10:16:28.594584";"262";"97";"?";"5";"WARNING";"Warning message";"File_process_97_step_5"
"2022-01-14 10:16:28.594584";"263";"98";"?";"1";"ERREUR";"Error message";"File_process_98_step_1"
"2022-01-14 10:16:28.594584";"264";"99";"?";"1";"ERREUR";"Error message";"File_process_99_step_1"
"2022-01-14 10:16:28.594584";"265";"100";"?";"1";"WARNING";"Warning message";"File_process_100_step_1"
"2022-01-15 10:16:28.594584";"266";"100";"?";"2";"ERREUR";"Error message";"File_process_100_step_2"
